{"cameraMode":{"drawMode":0,"name":"Shaded","section":"Shading Mode"},"sceneLighting":true,"audioPlay":false,"sceneViewState":{"showFog":true,"showMaterialUpdate":true,"showSkybox":true,"showFlares":true,"showImageEffects":true,"showParticleSystems":true},"in2DMode":false,"pivot":{"x":-0.9111781120300293,"y":1.5664085149765015,"z":4.313055992126465},"rotation":{"x":0.49407702684402468,"y":-0.018255144357681276,"z":0.010377143509685994,"w":0.8691648840904236},"size":9.515396118164063,"orthographic":false}